Name,Mean,MeanLB,MeanUB,Stddev,StddevLB,StddevUB
Nop2/ExMemory 1/ExMemory 1,2.9332444836961283e-6,2.834806009518902e-6,3.1887116943139277e-6,5.232068900626021e-7,1.7703044426052898e-7,1.0490233348172144e-6
