Name,Mean,MeanLB,MeanUB,Stddev,StddevLB,StddevUB
AddInteger/ExMemory 1/ExMemory 1,3.386065766852558e-6,3.282342668376106e-6,3.694214345051518e-6,6.060302798707352e-7,1.466808900108348e-7,1.14459870671212e-6
